[
  {
    
     "Category": "Present Bench",
     "ZeroPontSixToOneExp": "0",
     "OnePlusYearExp": "0",
     "Total": "0"
    },
   {
    
     "Category": "Ready for Development",
     "ZeroPontSixToOneExp": "0",
     "OnePlusYearExp": "0",
     "Total": "0"
    },
     {
    
     "Category": "In Training",
     "ZeroPontSixToOneExp": "0",
     "OnePlusYearExp": "0",
     "Total": "0"
    },
     {
    
     "Category": "Back to Bench",
     "ZeroPontSixToOneExp": "0",
     "OnePlusYearExp": "0",
     "Total": "0"
    },
    {
    
     "Category": "DOB",
     "ZeroPontSixToOneExp": "0",
     "OnePlusYearExp": "0",
     "Total": "0"
    },
  {
    
     "Category": "Deployed",
     "ZeroPontSixToOneExp": "3",
     "OnePlusYearExp": "2",
     "Total": "5"
    },
  {
    
     "Category": "Deletions",
     "ZeroPontSixToOneExp": "4",
     "OnePlusYearExp": "5",
     "Total": "9"
    },
  {
    
     "Category": "Resigned",
     "ZeroPontSixToOneExp": "2",
     "OnePlusYearExp": "3",
     "Total": "5"
    },
  {
    
     "Category": "Terminated",
     "ZeroPontSixToOneExp": "2",
     "OnePlusYearExp": "2",
     "Total": "4"
    },
  {
    
     "Category": "Dropout",
     "ZeroPontSixToOneExp": "0",
     "OnePlusYearExp": "0",
     "Total": "0"
    },
  {
    
     "Category": "Absconded",
     "ZeroPontSixToOneExp": "0",
     "OnePlusYearExp": "0",
     "Total": "0"
    }
 ]