[
    {
      
       "Category": "Present Bench",
       "Pay": "0",
       "NoPay": "0",
       "Total": "0"
      },
     {
      
       "Category": "Ready for Development",
       "Pay": "0",
       "NoPay": "0",
       "Total": "0"
      },
       {
      
       "Category": "In Training",
       "Pay": "0",
       "NoPay": "0",
       "Total": "0"
      },
       {
      
       "Category": "Back to Bench",
       "Pay": "0",
       "NoPay": "0",
       "Total": "0"
      },
      {
      
       "Category": "DOB",
       "Pay": "0",
       "NoPay": "0",
       "Total": "0"
      },
    {
      
       "Category": "Deployed",
       "Pay": "6",
       "NoPay": "0",
       "Total": "6"
      },
    {
      
       "Category": "Deletions",
       "Pay": "0",
       "NoPay": "9",
       "Total": "9"
      },
    {
      
       "Category": "Resigned",
       "Pay": "0",
       "NoPay": "5",
       "Total": "5"
      },
    {
      
       "Category": "Terminated",
       "Pay": "0",
       "NoPay": "4",
       "Total": "4"
      },
    {
      
       "Category": "Dropout",
       "Pay": "0",
       "NoPay": "0",
       "Total": "0"
      },
    {
      
       "Category": "Absconded",
       "Pay": "0",
       "NoPay": "0",
       "Total": "0"
      }
   ]