[
  {
    
     "No": "1",
     "Empid": "TYC022057",
     "FullName": "Akshay",
     "Status": "Resigned",
     "Paid": "Yes",
     "PrimaryTechnology": "React",
     "HighestQualification": "MCA",
     "Passout": "2018",
    "total": "0.20",
    "relavent": "5.00",
    "projected": "2.00",

     "ContactNumbers": "9535102401",
     "OfficialEmail": "cj.rohan@testyantra.in",
     "DateofJoining": "11/01/2021",
     "Remark": "Good"
   },
   {
    
    "No": "2",
    "Empid": "TYC022057",
    "FullName": "Anand",
    "Status": "Resigned",
    "Paid": "Yes",
    "PrimaryTechnology": "Angular",
    "HighestQualification": "MCA",
    "Passout": "2018",
   "total": "0.20",
   "relavent": "2.00",
   "projected": "2.00",

    "ContactNumbers": "9535102401",
    "OfficialEmail": "cj.rohan@testyantra.in",
    "DateofJoining": "11/01/2021",
    "Remark": "Good"
  },
  {
    
    "No": "3",
    "Empid": "TYC022057",
    "FullName": "Lavan",
    "Status": "Resigned",
    "Paid": "Yes",
    "PrimaryTechnology": "Java",
    "HighestQualification": "MCA",
    "Passout": "2018",
   "total": "7.20",
   "relavent": "1.00",
   "projected": "2.00",

    "ContactNumbers": "9535102401",
    "OfficialEmail": "cj.rohan@testyantra.in",
    "DateofJoining": "11/01/2021",
    "Remark": "Good"
  },
  {
    
    "No": "4",
    "Empid": "TYC022057",
    "FullName": "Rana",
    "Status": "Resigned",
    "Paid": "Yes",
    "PrimaryTechnology": "Angular",
    "HighestQualification": "MCA",
    "Passout": "2018",
   "total": "0.20",
   "relavent": "2.00",
   "projected": "2.00",

    "ContactNumbers": "9535102401",
    "OfficialEmail": "cj.rohan@testyantra.in",
    "DateofJoining": "11/01/2021",
    "Remark": "Good"
  },
  {
    
    "No": "5",
    "Empid": "TYC022057",
    "FullName": "Raju",
    "Status": "Resigned",
    "Paid": "Yes",
    "PrimaryTechnology": "BootStrap",
    "HighestQualification": "MCA",
    "Passout": "2018",
   "total": "0.20",
   "relavent": "6.00",
   "projected": "2.00",

    "ContactNumbers": "9535102401",
    "OfficialEmail": "cj.rohan@testyantra.in",
    "DateofJoining": "11/01/2021",
    "Remark": "Good"
  },
  {
    
    "No": "6",
    "Empid": "TYC022057",
    "FullName": "Anusha",
    "Status": "Resigned",
    "Paid": "Yes",
    "PrimaryTechnology": "Node JS",
    "HighestQualification": "MCA",
    "Passout": "2018",
   "total": "0.20",
   "relavent": "2.00",
   "projected": "2.00",

    "ContactNumbers": "9535102401",
    "OfficialEmail": "cj.rohan@testyantra.in",
    "DateofJoining": "11/01/2021",
    "Remark": "Good"
  },
  {
    
    "No": "7",
    "Empid": "TYC022057",
    "FullName": "Roja",
    "Status": "Resigned",
    "Paid": "Yes",
    "PrimaryTechnology": "Java ",
    "HighestQualification": "MCA",
    "Passout": "2018",
   "total": "0.20",
   "relavent": "3.00",
   "projected": "2.00",
  "ContactNumbers": "9535102401",
    "OfficialEmail": "cj.rohan@testyantra.in",
    "DateofJoining": "11/01/2021",
    "Remark": "Good"
  },
  {
    
    "No": "8",
    "Empid": "TYC022057",
    "FullName": "Lavan",
    "Status": "Resigned",
    "Paid": "Yes",
    "PrimaryTechnology": "MangoDB",
    "HighestQualification": "MCA",
    "Passout": "2018",
   "total": "0.20",
   "relavent": "2.00",
   "projected": "2.00",

    "ContactNumbers": "9535102401",
    "OfficialEmail": "cj.rohan@testyantra.in",
    "DateofJoining": "11/01/2021",
    "Remark": "Good"
  },
  {
    
    "No": "9",
    "Empid": "TYC022057",
    "FullName": "Kumar",
    "Status": "Resigned",
    "Paid": "Yes",
    "PrimaryTechnology": "React",
    "HighestQualification": "MCA",
    "Passout": "2018",
   "total": "0.20",
   "relavent": "2.00",
   "projected": "2.00",

    "ContactNumbers": "9535102401",
    "OfficialEmail": "cj.rohan@testyantra.in",
    "DateofJoining": "11/01/2021",
    "Remark": "Good"
  }
 ]