[
    {
      
       "JFSReact": "Present Bench",
       "greaterthanOne": "0",
       "OneToTwo": "0",
       "TwoToThree": "0",
       "ThreeToFour": "0",
       "FourToFive": "0",
       "FiveToSix": "0",
       "SixPlus": "0"
       
      },
      {
      
        "JFSReact": "Ready For Development",
        "greaterthanOne": "0",
        "OneToTwo": "0",
        "TwoToThree": "0",
        "ThreeToFour": "0",
        "FourToFive": "0",
        "FiveToSix": "0",
        "SixPlus": "0"
        
       },
       {
      
        "JFSReact": "In-Training",
        "greaterthanOne": "0",
        "OneToTwo": "0",
        "TwoToThree": "0",
        "ThreeToFour": "0",
        "FourToFive": "0",
        "FiveToSix": "0",
        "SixPlus": "0"
        
       },
       {
      
        "JFSReact": "Back To Bench",
        "greaterthanOne": "0",
        "OneToTwo": "0",
        "TwoToThree": "0",
        "ThreeToFour": "0",
        "FourToFive": "0",
        "FiveToSix": "0",
        "SixPlus": "0"
        
       },
       {
      
        "JFSReact": "DOB",
        "greaterthanOne": "0",
        "OneToTwo": "0",
        "TwoToThree": "0",
        "ThreeToFour": "0",
        "FourToFive": "0",
        "FiveToSix": "0",
        "SixPlus": "0"
        
       },
       {
      
        "JFSReact": "Deployed",
        "greaterthanOne": "0",
        "OneToTwo": "0",
        "TwoToThree": "0",
        "ThreeToFour": "0",
        "FourToFive": "0",
        "FiveToSix": "0",
        "SixPlus": "0"
        
       },
       {
      
        "JFSReact": "Deletions",
        "greaterthanOne": "0",
        "OneToTwo": "0",
        "TwoToThree": "0",
        "ThreeToFour": "0",
        "FourToFive": "0",
        "FiveToSix": "0",
        "SixPlus": "0"
        
       },
       {
      
        "JFSReact": "Resigned",
        "greaterthanOne": "0",
        "OneToTwo": "0",
        "TwoToThree": "0",
        "ThreeToFour": "0",
        "FourToFive": "0",
        "FiveToSix": "0",
        "SixPlus": "0"
        
       },
       {
      
        "JFSReact": "Terminated",
        "greaterthanOne": "0",
        "OneToTwo": "0",
        "TwoToThree": "0",
        "ThreeToFour": "0",
        "FourToFive": "0",
        "FiveToSix": "0",
        "SixPlus": "0"
        
       },
       {
      
        "JFSReact": "Dropout",
        "greaterthanOne": "0",
        "OneToTwo": "0",
        "TwoToThree": "0",
        "ThreeToFour": "0",
        "FourToFive": "0",
        "FiveToSix": "0",
        "SixPlus": "0"
        
       },
       {
      
        "JFSReact": "Absconded",
        "greaterthanOne": "0",
        "OneToTwo": "0",
        "TwoToThree": "0",
        "ThreeToFour": "0",
        "FourToFive": "0",
        "FiveToSix": "0",
        "SixPlus": "0"
        
       }  
       
  ]