[
    {
      
       "javafullstack": "Present Bench",
       "greaterthanOne": "0",
       "OneToTwo": "0",
       "TwoToThree": "0",
       "ThreeToFour": "0",
       "FourToFive": "0",
       "FiveToSix": "0",
       "SixPlus": "0"
       
      },
      {
      
        "javafullstack": "Ready For Development",
        "greaterthanOne": "0",
        "OneToTwo": "0",
        "TwoToThree": "0",
        "ThreeToFour": "0",
        "FourToFive": "0",
        "FiveToSix": "0",
        "SixPlus": "0"
        
       },
       {
      
        "javafullstack": "In-Training",
        "greaterthanOne": "0",
        "OneToTwo": "0",
        "TwoToThree": "0",
        "ThreeToFour": "0",
        "FourToFive": "0",
        "FiveToSix": "0",
        "SixPlus": "0"
        
       },
       {
      
        "javafullstack": "Back To Bench",
        "greaterthanOne": "0",
        "OneToTwo": "0",
        "TwoToThree": "0",
        "ThreeToFour": "0",
        "FourToFive": "0",
        "FiveToSix": "0",
        "SixPlus": "0"
        
       },
       {
      
        "javafullstack": "DOB",
        "greaterthanOne": "0",
        "OneToTwo": "0",
        "TwoToThree": "0",
        "ThreeToFour": "0",
        "FourToFive": "0",
        "FiveToSix": "0",
        "SixPlus": "0"
        
       },
       {
      
        "javafullstack": "Deployed",
        "greaterthanOne": "0",
        "OneToTwo": "0",
        "TwoToThree": "0",
        "ThreeToFour": "0",
        "FourToFive": "0",
        "FiveToSix": "0",
        "SixPlus": "0"
        
       },
       {
      
        "javafullstack": "Deletions",
        "greaterthanOne": "0",
        "OneToTwo": "0",
        "TwoToThree": "0",
        "ThreeToFour": "0",
        "FourToFive": "0",
        "FiveToSix": "0",
        "SixPlus": "0"
        
       },
       {
      
        "javafullstack": "Resigned",
        "greaterthanOne": "0",
        "OneToTwo": "0",
        "TwoToThree": "0",
        "ThreeToFour": "0",
        "FourToFive": "0",
        "FiveToSix": "0",
        "SixPlus": "0"
        
       },
       {
      
        "javafullstack": "Terminated",
        "greaterthanOne": "0",
        "OneToTwo": "0",
        "TwoToThree": "0",
        "ThreeToFour": "0",
        "FourToFive": "0",
        "FiveToSix": "0",
        "SixPlus": "0"
        
       },
       {
      
        "javafullstack": "Dropout",
        "greaterthanOne": "0",
        "OneToTwo": "0",
        "TwoToThree": "0",
        "ThreeToFour": "0",
        "FourToFive": "0",
        "FiveToSix": "0",
        "SixPlus": "0"
        
       },
       {
      
        "javafullstack": "Absconded",
        "greaterthanOne": "0",
        "OneToTwo": "0",
        "TwoToThree": "0",
        "ThreeToFour": "0",
        "FourToFive": "0",
        "FiveToSix": "0",
        "SixPlus": "0"
        
       }  
       
  ]