[
    {
    
        "java+Spring": "Present Bench",
        "greaterthanOne": "0",
        "OneToTwo": "0",
        "TwoToThree": "0",
        "ThreeToFour": "0",
        "FourToFive": "0",
        "FiveToSix": "0",
        "SixPlus": "0"
        
       },
       {
       
         "java+Spring": "Ready For Development",
         "greaterthanOne": "0",
         "OneToTwo": "0",
         "TwoToThree": "0",
         "ThreeToFour": "0",
         "FourToFive": "0",
         "FiveToSix": "0",
         "SixPlus": "0"
         
        },
        {
       
         "java+Spring": "In-Training",
         "greaterthanOne": "0",
         "OneToTwo": "0",
         "TwoToThree": "0",
         "ThreeToFour": "0",
         "FourToFive": "0",
         "FiveToSix": "0",
         "SixPlus": "0"
         
        },
        {
       
         "java+Spring": "Back To Bench",
         "greaterthanOne": "0",
         "OneToTwo": "0",
         "TwoToThree": "0",
         "ThreeToFour": "0",
         "FourToFive": "0",
         "FiveToSix": "0",
         "SixPlus": "0"
         
        },
        {
       
         "java+Spring": "DOB",
         "greaterthanOne": "0",
         "OneToTwo": "0",
         "TwoToThree": "0",
         "ThreeToFour": "0",
         "FourToFive": "0",
         "FiveToSix": "0",
         "SixPlus": "0"
         
        },
        {
       
         "java+Spring": "Deployed",
         "greaterthanOne": "0",
         "OneToTwo": "0",
         "TwoToThree": "0",
         "ThreeToFour": "0",
         "FourToFive": "0",
         "FiveToSix": "0",
         "SixPlus": "0"
         
        },
        {
       
         "java+Spring": "Deletions",
         "greaterthanOne": "0",
         "OneToTwo": "0",
         "TwoToThree": "0",
         "ThreeToFour": "0",
         "FourToFive": "0",
         "FiveToSix": "0",
         "SixPlus": "0"
         
        },
        {
       
         "java+Spring": "Resigned",
         "greaterthanOne": "0",
         "OneToTwo": "0",
         "TwoToThree": "0",
         "ThreeToFour": "0",
         "FourToFive": "0",
         "FiveToSix": "0",
         "SixPlus": "0"
         
        },
        {
       
         "java+Spring": "Terminated",
         "greaterthanOne": "0",
         "OneToTwo": "0",
         "TwoToThree": "0",
         "ThreeToFour": "0",
         "FourToFive": "0",
         "FiveToSix": "0",
         "SixPlus": "0"
         
        },
        {
       
         "java+Spring": "Dropout",
         "greaterthanOne": "0",
         "OneToTwo": "0",
         "TwoToThree": "0",
         "ThreeToFour": "0",
         "FourToFive": "0",
         "FiveToSix": "0",
         "SixPlus": "0"
         
        },
        {
       
         "java+Spring": "Absconded",
         "greaterthanOne": "0",
         "OneToTwo": "0",
         "TwoToThree": "0",
         "ThreeToFour": "0",
         "FourToFive": "0",
         "FiveToSix": "0",
         "SixPlus": "0"
         
        }
]