[
    {
    
        "React": "Present Bench",
        "greaterthanOne": "0",
        "OneToTwo": "0",
        "TwoToThree": "0",
        "ThreeToFour": "0",
        "FourToFive": "0",
        "FiveToSix": "0",
        "SixPlus": "0"
        
       },
       {
       
         "React": "Ready For Development",
         "greaterthanOne": "0",
         "OneToTwo": "0",
         "TwoToThree": "0",
         "ThreeToFour": "0",
         "FourToFive": "0",
         "FiveToSix": "0",
         "SixPlus": "0"
         
        },
        {
       
         "React": "In-Training",
         "greaterthanOne": "0",
         "OneToTwo": "0",
         "TwoToThree": "0",
         "ThreeToFour": "0",
         "FourToFive": "0",
         "FiveToSix": "0",
         "SixPlus": "0"
         
        },
        {
       
         "React": "Back To Bench",
         "greaterthanOne": "0",
         "OneToTwo": "0",
         "TwoToThree": "0",
         "ThreeToFour": "0",
         "FourToFive": "0",
         "FiveToSix": "0",
         "SixPlus": "0"
         
        },
        {
       
         "React": "DOB",
         "greaterthanOne": "0",
         "OneToTwo": "0",
         "TwoToThree": "0",
         "ThreeToFour": "0",
         "FourToFive": "0",
         "FiveToSix": "0",
         "SixPlus": "0"
         
        },
        {
       
         "React": "Deployed",
         "greaterthanOne": "0",
         "OneToTwo": "0",
         "TwoToThree": "0",
         "ThreeToFour": "0",
         "FourToFive": "0",
         "FiveToSix": "0",
         "SixPlus": "0"
         
        },
        {
       
         "React": "Deletions",
         "greaterthanOne": "0",
         "OneToTwo": "0",
         "TwoToThree": "0",
         "ThreeToFour": "0",
         "FourToFive": "0",
         "FiveToSix": "0",
         "SixPlus": "0"
         
        },
        {
       
         "React": "Resigned",
         "greaterthanOne": "0",
         "OneToTwo": "0",
         "TwoToThree": "0",
         "ThreeToFour": "0",
         "FourToFive": "0",
         "FiveToSix": "0",
         "SixPlus": "0"
         
        },
        {
       
         "React": "Terminated",
         "greaterthanOne": "0",
         "OneToTwo": "0",
         "TwoToThree": "0",
         "ThreeToFour": "0",
         "FourToFive": "0",
         "FiveToSix": "0",
         "SixPlus": "0"
         
        },
        {
       
         "React": "Dropout",
         "greaterthanOne": "0",
         "OneToTwo": "0",
         "TwoToThree": "0",
         "ThreeToFour": "0",
         "FourToFive": "0",
         "FiveToSix": "0",
         "SixPlus": "0"
         
        },
        {
       
         "React": "Absconded",
         "greaterthanOne": "0",
         "OneToTwo": "0",
         "TwoToThree": "0",
         "ThreeToFour": "0",
         "FourToFive": "0",
         "FiveToSix": "0",
         "SixPlus": "0"
         
        }
]